Code,Klassifikator,Klassifikator_ru,Klassifikator_en,2010,2011,2012,2013,2014,2015,2016,2017,2018,2019,2020,2021,2022,2023
1700,O‘zbekiston Respublikasi,Республика Узбекистан,Republic of Uzbekistan,8223.0,7214.0,7839.0,6413.0,5145.0,5312.0,3707.0,4406.0,4786.0,3001.0,88.0,92.0,74.0,68.0
1735,Qoraqalpog‘iston Respublikasi,Республика Каракалпакстан,Republic of Karakalpakstan,294.0,308.0,231.0,114.0,66.0,58.0,68.0,76.0,60.0,43.0,1.0,5.0,0.0,2.0
1735401,Nukus shahri,Город Нукус,Nukus city,27.0,23.0,20.0,12.0,2.0,3.0,5.0,3.0,3.0,1.0,0.0,1.0,0.0,0.0
1735204,Amudaryo tumani,Амударьинский район,Amudarya district,30.0,34.0,26.0,10.0,3.0,6.0,3.0,6.0,4.0,5.0,0.0,0.0,0.0,0.0
1735207,Beruniy tumani,Берунийский район,Beruniy  district,27.0,34.0,30.0,13.0,1.0,7.0,7.0,12.0,8.0,4.0,0.0,1.0,0.0,0.0
1735209,Bo‘zatov tumani,Бозатауский район,Bozatau district,0.0,0.0,0.0,0.0,0.0,0.0,0.0,0.0,0.0,0.0,1.0,0.0,0.0,0.0
1735211,Qorao‘zak tumani,Караузякский район,Karauzak district,6.0,3.0,1.0,1.0,0.0,0.0,0.0,1.0,0.0,1.0,0.0,0.0,0.0,0.0
1735212,Kegeyli tumani,Кегейлийский район,Kegeyli district,11.0,17.0,12.0,8.0,3.0,3.0,3.0,1.0,0.0,0.0,0.0,0.0,0.0,0.0
1735215,Qo‘ng‘irot tumani,Кунградский район,Kungrad district,33.0,35.0,20.0,8.0,8.0,10.0,9.0,5.0,6.0,0.0,0.0,1.0,0.0,0.0
1735218,Qanliko‘l tumani,Канлыкульский район,Kanlykul district,2.0,10.0,6.0,4.0,6.0,0.0,1.0,1.0,0.0,0.0,0.0,0.0,0.0,0.0
1735222,Mo‘ynoq tumani,Муйнакский район,Muynak district,6.0,6.0,4.0,4.0,1.0,3.0,2.0,1.0,1.0,0.0,0.0,0.0,0.0,0.0
1735225,Nukus tumani,Нукусский район,Nukus district,9.0,7.0,7.0,2.0,4.0,1.0,0.0,0.0,0.0,1.0,0.0,0.0,0.0,0.0
1735228,Taxiatosh tumani,Тахиаташский район,Takhiatash district,15.0,14.0,10.0,4.0,0.0,0.0,0.0,0.0,6.0,5.0,0.0,1.0,0.0,0.0
1735230,Taxtako‘pir tumani,Тахтакупырский район,Takhtakupyr district,5.0,5.0,5.0,4.0,1.0,0.0,1.0,1.0,1.0,0.0,0.0,0.0,0.0,0.0
1735233,To‘rtko‘l tumani,Турткульский район,Turtkul district,28.0,38.0,22.0,7.0,10.0,6.0,13.0,18.0,12.0,9.0,0.0,0.0,0.0,0.0
1735236,Xo‘jayli tumani,Ходжейлийский район,Khojeyli district,32.0,26.0,18.0,15.0,12.0,12.0,15.0,12.0,2.0,5.0,0.0,1.0,0.0,1.0
1735240,Chimboy tumani,Чимбайский район,Chimbay district,23.0,23.0,15.0,4.0,7.0,1.0,1.0,1.0,3.0,2.0,0.0,0.0,0.0,0.0
1735243,Shumanay tumani,Шуманайский район,Shumanai district,9.0,8.0,6.0,5.0,2.0,3.0,1.0,3.0,1.0,3.0,0.0,0.0,0.0,0.0
1735250,Ellikkala tumani,Элликкалинский район,Ellikkala district,31.0,25.0,29.0,13.0,6.0,3.0,7.0,11.0,13.0,7.0,0.0,0.0,0.0,1.0
1703,Andijon viloyati,Андижанская область,Andijan region,1032.0,807.0,696.0,651.0,502.0,590.0,300.0,373.0,420.0,268.0,4.0,3.0,4.0,7.0
1703401,Andijon shahri,Город Андижан,Andijan city,270.0,238.0,192.0,140.0,117.0,119.0,92.0,75.0,97.0,85.0,0.0,0.0,0.0,1.0
1703408,Xonobod shahri,Город Ханабад,Khanabadcity,15.0,5.0,6.0,5.0,3.0,5.0,2.0,1.0,4.0,0.0,0.0,0.0,0.0,0.0
1703202,Oltinko‘l tumani,Алтынкульский район,Altynkul  district,62.0,48.0,37.0,29.0,14.0,26.0,10.0,17.0,29.0,9.0,0.0,0.0,0.0,0.0
1703203,Andijon tumani,Андижанский район,Andijan district,103.0,72.0,72.0,62.0,44.0,53.0,19.0,24.0,31.0,26.0,0.0,0.0,0.0,0.0
1703206,Baliqchi tumani,Балыкчинский район,Balykchi district,23.0,9.0,7.0,16.0,5.0,3.0,2.0,3.0,4.0,5.0,0.0,0.0,0.0,0.0
1703209,Bo‘ston tumani,Бустонский район,Bustan district,24.0,19.0,15.0,14.0,11.0,13.0,4.0,8.0,11.0,6.0,1.0,0.0,0.0,1.0
1703210,Buloqboshi tumani,Булакбашинский район,Bulakbashi district,29.0,25.0,15.0,21.0,14.0,22.0,1.0,9.0,8.0,3.0,0.0,0.0,0.0,0.0
1703211,Jalaquduq tumani,Жалакудукский район,Jalаquduk district,24.0,22.0,13.0,22.0,11.0,15.0,8.0,12.0,11.0,7.0,0.0,2.0,1.0,0.0
1703214,Izboskan tumani,Избасканский район,Izbaskan district,33.0,34.0,29.0,39.0,15.0,22.0,5.0,15.0,15.0,8.0,0.0,0.0,0.0,0.0
1703217,Ulug‘nor tumani,Улугноpский район,Ulugnor district,9.0,8.0,9.0,6.0,1.0,4.0,1.0,2.0,3.0,1.0,0.0,0.0,0.0,1.0
1703220,Qo‘rg‘ontepa tumani,Кургантепинский район,Kurgantepa district,64.0,50.0,45.0,44.0,37.0,38.0,21.0,26.0,28.0,13.0,0.0,0.0,0.0,0.0
1703224,Asaka tumani,Асакинский район,Asaka district,117.0,94.0,93.0,77.0,57.0,71.0,14.0,36.0,47.0,25.0,3.0,0.0,0.0,1.0
1703227,Marxamat tumani,Мархаматский район,Markhamat district,37.0,29.0,33.0,21.0,18.0,22.0,9.0,18.0,11.0,6.0,0.0,0.0,0.0,2.0
1703230,Shaxrixon tumani,Шахриханский район,Shakhrikhan district,146.0,118.0,97.0,131.0,124.0,142.0,100.0,109.0,99.0,61.0,0.0,0.0,0.0,0.0
1703232,Paxtaobod tumani,Пахтаабадский район,Pakhtaabad district,42.0,23.0,23.0,19.0,26.0,24.0,10.0,15.0,20.0,11.0,0.0,0.0,3.0,1.0
1703236,Xo‘jaobod tumani,Ходжаабадский район,Khojaabad district,34.0,13.0,10.0,5.0,5.0,11.0,2.0,3.0,2.0,2.0,0.0,1.0,0.0,0.0
1706,Buxoro viloyati,Бухарская область,Bukhara region,529.0,466.0,470.0,342.0,269.0,246.0,228.0,194.0,223.0,141.0,1.0,4.0,3.0,5.0
1706401,Buxoro shahri,Город Бухара,Bukhara city,114.0,98.0,100.0,53.0,34.0,46.0,45.0,27.0,38.0,25.0,0.0,1.0,0.0,0.0
1706403,Kogon shahri,Город Каган,Kagan city,19.0,14.0,18.0,15.0,3.0,6.0,4.0,6.0,3.0,4.0,0.0,0.0,0.0,1.0
1706204,Olot tumani,Алатский район,Alat district,33.0,35.0,30.0,24.0,14.0,12.0,13.0,17.0,9.0,7.0,0.0,1.0,0.0,0.0
1706207,Buxoro tumani,Бухарский район,Bukhara district,57.0,39.0,53.0,29.0,32.0,24.0,21.0,11.0,20.0,13.0,0.0,0.0,0.0,0.0
1706212,Vobkent tumani,Вабкентский район,Vobkent district,26.0,21.0,21.0,9.0,8.0,5.0,9.0,6.0,13.0,4.0,0.0,0.0,0.0,0.0
1706215,G‘ijduvontumani,Гиждуванский район,Gijduvan district,101.0,85.0,97.0,79.0,74.0,55.0,61.0,57.0,48.0,32.0,0.0,1.0,0.0,0.0
1706219,Kogon tumani,Каганский район,Kagan district,21.0,17.0,14.0,7.0,8.0,5.0,7.0,3.0,9.0,2.0,0.0,0.0,0.0,0.0
1706230,Qorako‘l tumani,Каракульский район,Karakul district,46.0,40.0,43.0,48.0,30.0,36.0,19.0,28.0,25.0,20.0,0.0,0.0,0.0,2.0
1706232,Qorovulbozor tumani,Караулбазарский район,Qorovulbozor district,2.0,5.0,1.0,2.0,0.0,0.0,2.0,1.0,1.0,0.0,1.0,0.0,0.0,0.0
1706240,Peshku tumani,Пешкунский  район,Peshkun district,11.0,15.0,9.0,12.0,5.0,7.0,11.0,5.0,9.0,7.0,0.0,0.0,0.0,0.0
1706242,Romitan tumani,Ромитанский район,Romitan district,38.0,32.0,33.0,22.0,20.0,16.0,8.0,7.0,9.0,4.0,0.0,0.0,0.0,0.0
1706246,Jondor tumani,Жондоpский район,Jondor  district,28.0,42.0,26.0,29.0,25.0,25.0,18.0,17.0,17.0,14.0,0.0,0.0,3.0,1.0
1706258,Shofirkon tumani,Шафирканский район,Shafirkan district,33.0,23.0,25.0,13.0,16.0,9.0,10.0,9.0,22.0,9.0,0.0,1.0,0.0,1.0
1708,Jizzax viloyati,Джизакская область,Jizzakh region,205.0,177.0,159.0,104.0,61.0,73.0,35.0,49.0,76.0,81.0,10.0,8.0,12.0,5.0
1708401,Jizzax shahri,Город Джизак,Jizzakh city,33.0,34.0,33.0,18.0,13.0,10.0,5.0,12.0,13.0,12.0,1.0,1.0,2.0,0.0
1708201,Arnasoy tumani,Арнасайский район,Arnasay district,3.0,4.0,1.0,1.0,0.0,1.0,0.0,0.0,1.0,1.0,0.0,0.0,0.0,0.0
1708204,Baxmal tumani,Бахмальский район,Bakhmal district,16.0,14.0,16.0,8.0,9.0,13.0,1.0,9.0,14.0,19.0,2.0,3.0,0.0,0.0
1708209,G‘allaorol tumani,Галляаральский район,Gallaaral district,23.0,14.0,14.0,18.0,7.0,4.0,4.0,2.0,10.0,8.0,2.0,1.0,4.0,1.0
1708212,Sharof Rashidov tumani,Шароф-Рашидовский  район,Sharof Rashidov  district,50.0,40.0,33.0,19.0,7.0,17.0,11.0,9.0,7.0,16.0,0.0,0.0,2.0,1.0
1708215,Do‘stlik tumani,Дустликский район,Dustlik district,7.0,11.0,10.0,3.0,2.0,3.0,2.0,1.0,1.0,2.0,2.0,0.0,2.0,0.0
1708218,Zomin tumani,Зааминский район,Zomin district,29.0,19.0,11.0,11.0,6.0,10.0,5.0,6.0,10.0,11.0,3.0,1.0,1.0,1.0
1708220,Zarbdor tumani,Зарбдарский район,Zarbdar district,6.0,9.0,6.0,5.0,2.0,4.0,1.0,2.0,4.0,1.0,0.0,1.0,0.0,2.0
1708223,Mirzacho‘l tumani,Мирзачульский район,Mirzachul district,4.0,3.0,7.0,5.0,6.0,4.0,1.0,3.0,6.0,0.0,0.0,1.0,0.0,0.0
1708225,Zafarobod tumani,Зафарабадский район,Zafarabad district,12.0,9.0,6.0,1.0,0.0,1.0,0.0,0.0,1.0,0.0,0.0,0.0,0.0,0.0
1708228,Paxtakor tumani,Пахтакорский район,Pakhtakor district,11.0,6.0,11.0,3.0,5.0,1.0,2.0,3.0,7.0,9.0,0.0,0.0,1.0,0.0
1708235,Forish tumani,Фаришский район,Farish district,10.0,11.0,9.0,8.0,2.0,5.0,1.0,2.0,2.0,1.0,0.0,0.0,0.0,0.0
1708237,Yangiobod tumani,Янгиободский район,Yangiabad district,1.0,3.0,2.0,4.0,2.0,0.0,2.0,0.0,0.0,1.0,0.0,0.0,0.0,0.0
1710,Qashqadaryo viloyati,Кашкадарьинская область,Kashkadarya region,553.0,129.0,396.0,795.0,602.0,738.0,512.0,810.0,642.0,296.0,2.0,3.0,0.0,8.0
1710401,Qarshi  shahri,Город Карши,Karshi city,78.0,21.0,44.0,76.0,35.0,65.0,35.0,29.0,36.0,26.0,0.0,0.0,0.0,0.0
1710405,Shahrisabz shahri,Город Шахрисабз,Shakhrisabz city,0.0,0.0,0.0,0.0,0.0,0.0,0.0,0.0,26.0,16.0,0.0,0.0,0.0,1.0
1710240,Ko‘kdala tumani,Кукдалинский район,Kukdala district,0.0,0.0,0.0,0.0,0.0,0.0,0.0,0.0,0.0,0.0,0.0,0.0,0.0,0.0
1710207,G‘uzor tumani,Гузарский район,Gissar district,12.0,2.0,19.0,17.0,14.0,21.0,18.0,19.0,19.0,11.0,0.0,1.0,0.0,0.0
1710212,Dehqonobod tumani,Дехканабадский район,Dehkanabad district,10.0,3.0,6.0,6.0,11.0,13.0,13.0,15.0,16.0,8.0,0.0,0.0,0.0,1.0
1710220,Qamashi tumani,Камашинский район,Kamashi district,21.0,7.0,19.0,48.0,31.0,42.0,37.0,59.0,42.0,31.0,0.0,1.0,0.0,1.0
1710224,Qarshi tumani,Каршинский район,Karshi district,29.0,9.0,20.0,35.0,25.0,16.0,12.0,31.0,31.0,13.0,0.0,0.0,0.0,0.0
1710229,Koson tumani,Касанский район,Kasan district,70.0,13.0,50.0,76.0,74.0,68.0,54.0,73.0,77.0,38.0,0.0,0.0,0.0,0.0
1710232,Kitob tumani,Китабский район,Kitab district,106.0,15.0,54.0,136.0,96.0,123.0,98.0,165.0,115.0,36.0,0.0,0.0,0.0,0.0
1710233,Mirishkor tumani,Миришкорский район,Mirishkor district,16.0,7.0,23.0,21.0,19.0,23.0,12.0,11.0,22.0,13.0,1.0,1.0,0.0,1.0
1710234,Muborak tumani,Мубарекский район,Mubarek district,8.0,4.0,10.0,6.0,6.0,9.0,4.0,11.0,9.0,6.0,0.0,0.0,0.0,0.0
1710235,Nishon tumani,Нишанский  район,Nishon district,15.0,2.0,10.0,13.0,7.0,8.0,7.0,8.0,10.0,8.0,0.0,0.0,0.0,0.0
1710237,Kasbi tumani,Касбинский район,Kasbi district,29.0,3.0,27.0,32.0,18.0,27.0,22.0,24.0,21.0,8.0,0.0,0.0,0.0,3.0
1710242,Chiroqchi tumani,Чиракчинский район,Chirakchi district,75.0,19.0,48.0,226.0,160.0,204.0,148.0,274.0,151.0,55.0,1.0,0.0,0.0,0.0
1710245,Shahrisabz tumani,Шахрисабзский район,Shakhrisabz district,69.0,18.0,41.0,67.0,66.0,70.0,30.0,56.0,40.0,12.0,0.0,0.0,0.0,1.0
1710250,Yakkabog‘ tumani,Яккабагский район,Yakkabag district,15.0,6.0,25.0,36.0,40.0,49.0,22.0,35.0,27.0,15.0,0.0,0.0,0.0,0.0
1712,Navoiy viloyati,Навоийская область,Navoi region,195.0,157.0,157.0,104.0,89.0,66.0,28.0,32.0,35.0,16.0,1.0,6.0,3.0,5.0
1712401,Navoiy shahri,Город Навои,Navoi city,19.0,26.0,25.0,19.0,8.0,10.0,5.0,3.0,6.0,3.0,0.0,1.0,0.0,1.0
1712408,Zarafshon shahri,Город Заpафшан,Zarafshan city,22.0,15.0,15.0,6.0,5.0,5.0,1.0,6.0,1.0,0.0,0.0,0.0,0.0,0.0
1712412,G‘ozg‘on shahri,Город Газган,Gazgan city,0.0,0.0,0.0,0.0,0.0,0.0,0.0,0.0,0.0,0.0,0.0,0.0,0.0,0.0
1712211,Konimex tumani,Канимехский  район,Kanimekh district,10.0,4.0,6.0,8.0,10.0,5.0,1.0,5.0,5.0,1.0,0.0,0.0,0.0,0.0
1712216,Qiziltepa tumani,Кызылтепинский район,Kyzyltepa district,31.0,19.0,19.0,13.0,11.0,10.0,5.0,3.0,3.0,1.0,0.0,1.0,0.0,0.0
1712230,Navbahor tumani,Навбахорский район,Navbahor district,29.0,23.0,13.0,13.0,13.0,4.0,5.0,5.0,5.0,2.0,0.0,3.0,1.0,0.0
1712234,Karmana tumani,Карманинский район,Karmana district,45.0,31.0,35.0,20.0,16.0,11.0,3.0,1.0,7.0,1.0,1.0,0.0,0.0,0.0
1712238,Nurota tumani,Нуратинский район,Nurota district,10.0,12.0,8.0,6.0,8.0,6.0,6.0,5.0,2.0,2.0,0.0,0.0,0.0,1.0
1712244,Tomdi tumani,Тамдынский район,Tomdy district,4.0,2.0,1.0,2.0,3.0,1.0,0.0,1.0,1.0,0.0,0.0,0.0,0.0,0.0
1712248,Uchquduq tumani,Учкудукский район,Uchkuduk district,11.0,7.0,11.0,6.0,6.0,3.0,0.0,1.0,1.0,2.0,0.0,1.0,0.0,2.0
1712251,Xatirchi tumani,Хатырчинский район,Khatyrchi district,14.0,18.0,24.0,11.0,9.0,11.0,2.0,2.0,4.0,4.0,0.0,0.0,2.0,1.0
1714,Namangan viloyati,Наманганская область,Namangan region,1097.0,1073.0,826.0,682.0,486.0,427.0,115.0,214.0,261.0,292.0,3.0,4.0,1.0,1.0
1714401,Namangan shahri,Город Наманган,Namangan city,626.0,614.0,525.0,368.0,302.0,276.0,69.0,138.0,172.0,198.0,1.0,1.0,0.0,1.0
1714204,Mingbuloq tumani,Мингбулакский район,Mingbulak district,6.0,4.0,5.0,0.0,1.0,0.0,0.0,0.0,1.0,2.0,0.0,1.0,0.0,0.0
1714207,Kosonsoy tumani,Касансайский район,Kasansay district,150.0,162.0,109.0,116.0,71.0,52.0,9.0,29.0,37.0,34.0,0.0,0.0,0.0,0.0
1714212,Namangan tumani,Наманганский район,Namangan district,115.0,99.0,56.0,55.0,34.0,33.0,3.0,3.0,1.0,11.0,0.0,0.0,0.0,0.0
1714216,Norin tumani,Нарынский район,Naryn district,9.0,10.0,3.0,3.0,0.0,1.0,4.0,0.0,2.0,5.0,0.0,0.0,0.0,0.0
1714219,Pop tumani,Папский район,Pop district,20.0,41.0,31.0,34.0,28.0,20.0,10.0,9.0,15.0,11.0,0.0,1.0,0.0,0.0
1714224,To‘raqo‘rg‘on tumani,Туракурганский район,Turakurgan district,30.0,15.0,9.0,1.0,2.0,2.0,0.0,4.0,1.0,2.0,0.0,0.0,0.0,0.0
1714229,Uychi tumani,Уйчинский район,Uychi district,45.0,47.0,32.0,42.0,22.0,21.0,7.0,11.0,15.0,8.0,0.0,0.0,0.0,0.0
1714234,Uchqo‘rg‘on tumani,Учкурганский район,Uchkurgan district,17.0,13.0,8.0,7.0,5.0,4.0,2.0,4.0,2.0,5.0,0.0,0.0,0.0,0.0
1714236,Chortoq tumani,Чартакский район,Chartak district,21.0,21.0,15.0,18.0,7.0,4.0,3.0,4.0,1.0,2.0,0.0,0.0,0.0,0.0
1714237,Chust tumani,Чустский район,Chust district,25.0,16.0,23.0,20.0,6.0,7.0,3.0,2.0,6.0,3.0,0.0,0.0,1.0,0.0
1714242,Yangiqo‘rg‘on tumani,Янгикурганский район,Yangikurgan district,33.0,31.0,10.0,18.0,8.0,7.0,5.0,10.0,8.0,11.0,2.0,1.0,0.0,0.0
1718,Samarqand viloyati,Самаркандская область,Samarkand region,1405.0,1096.0,1846.0,1193.0,1323.0,1414.0,1368.0,1564.0,1742.0,953.0,11.0,9.0,5.0,7.0
1718401,Samarqand shahri,Город Самарканд,Samarkand city,187.0,239.0,357.0,240.0,242.0,267.0,221.0,238.0,284.0,176.0,1.0,2.0,0.0,0.0
1718406,Kattaqo'rg'on shahar,Город  Каттакурган,Kattaqo'rg'on city,65.0,50.0,59.0,75.0,50.0,45.0,41.0,34.0,50.0,38.0,0.0,0.0,0.0,0.0
1718203,Oqdaryo tumani,Акдарьинский район,Akdarya district,39.0,32.0,56.0,33.0,33.0,51.0,37.0,49.0,58.0,32.0,0.0,0.0,0.0,0.0
1718206,Bulung‘ur tumani,Булунгурский район,Bulungur district,27.0,21.0,40.0,17.0,23.0,26.0,20.0,24.0,30.0,16.0,1.0,2.0,2.0,0.0
1718209,Jomboy tumani,Джамбайский район,Jomboy district,36.0,36.0,47.0,54.0,30.0,47.0,42.0,33.0,44.0,22.0,0.0,1.0,0.0,0.0
1718212,Ishtixon tumani,Иштыханский район,Ishtykhan district,44.0,37.0,72.0,46.0,36.0,46.0,37.0,57.0,91.0,30.0,1.0,0.0,0.0,0.0
1718215,Kattaqo‘rg‘on tumani,Каттакурганский район,Kattakurgan district,144.0,91.0,188.0,92.0,88.0,113.0,123.0,114.0,159.0,72.0,0.0,0.0,0.0,1.0
1718216,Qo‘shrabot tumani,Кошрабадский район,Koshrabad district,10.0,7.0,15.0,6.0,4.0,1.0,6.0,7.0,23.0,0.0,0.0,0.0,0.0,0.0
1718218,Narpay tumani,Нарпайский район,Narpai district,78.0,38.0,96.0,50.0,67.0,67.0,48.0,60.0,73.0,33.0,0.0,0.0,0.0,1.0
1718224,Payariq tumani,Пайарыкский район,Payaryk district,87.0,29.0,72.0,28.0,36.0,32.0,27.0,77.0,71.0,39.0,1.0,0.0,0.0,0.0
1718227,Pastdarg‘om tumani,Пастдаргомский район,Pastdargom district,90.0,96.0,127.0,98.0,90.0,104.0,83.0,129.0,163.0,75.0,3.0,1.0,0.0,1.0
1718230,Paxtachi tumani,Пахтачийский район,Pakhtachi district,21.0,18.0,29.0,15.0,15.0,12.0,14.0,21.0,14.0,7.0,0.0,0.0,0.0,0.0
1718233,Samarqand tumani,Самаркандский район,Samarkand district,177.0,106.0,173.0,74.0,151.0,124.0,151.0,158.0,211.0,128.0,0.0,1.0,0.0,0.0
1718235,Nurobod tumani,Нурабадский район,Nurabad district,44.0,23.0,36.0,18.0,17.0,30.0,31.0,35.0,24.0,20.0,0.0,0.0,0.0,1.0
1718236,Urgut tumani,Ургутский район,Urgut district,323.0,247.0,406.0,304.0,409.0,398.0,449.0,457.0,368.0,240.0,3.0,2.0,3.0,3.0
1718238,Tayloq tumani,Тайлякский район,Tailak district,33.0,26.0,73.0,43.0,32.0,51.0,38.0,71.0,79.0,25.0,1.0,0.0,0.0,0.0
1722,Surxondaryo viloyati,Сурхандарьинская область,Surkhandarya region,391.0,126.0,638.0,460.0,222.0,317.0,241.0,342.0,352.0,238.0,21.0,26.0,21.0,10.0
1722401,Termiz shahri,Город Термез,Termiz  city,19.0,6.0,20.0,13.0,10.0,18.0,6.0,16.0,22.0,13.0,0.0,2.0,0.0,0.0
1722201,Oltinsoy tumani,Алтынсайский район,Altynsay district,19.0,23.0,35.0,22.0,10.0,21.0,23.0,34.0,32.0,20.0,0.0,0.0,0.0,0.0
1722202,Angor tumani,Ангорский район,Angor district,7.0,2.0,17.0,12.0,8.0,9.0,8.0,10.0,8.0,4.0,2.0,1.0,0.0,2.0
1722203,Bandixon tumani,Бандихонский район,Bandykhan district,0.0,0.0,0.0,0.0,0.0,0.0,0.0,0.0,0.0,0.0,1.0,1.0,0.0,0.0
1722204,Boysun tumani,Байсунский район,Baysun district,49.0,18.0,26.0,19.0,5.0,14.0,7.0,9.0,8.0,3.0,0.0,0.0,0.0,1.0
1722207,Muzrabot tumani,Музрабадский район,Muzrabad district,1.0,5.0,26.0,14.0,7.0,11.0,7.0,7.0,1.0,4.0,2.0,1.0,1.0,0.0
1722210,Denov tumani,Денауский район,Denau district,104.0,24.0,166.0,141.0,65.0,71.0,63.0,106.0,102.0,70.0,2.0,2.0,4.0,2.0
1722212,Jarqo‘rg‘on tumani,Джаркурганский район,Jarkurgan district,21.0,5.0,37.0,21.0,7.0,14.0,10.0,21.0,17.0,18.0,0.0,1.0,3.0,0.0
1722214,Qumqo‘rg‘on tumani,Кумкурганский район,Kumkurgan district,46.0,12.0,36.0,20.0,7.0,20.0,13.0,15.0,23.0,18.0,0.0,0.0,1.0,1.0
1722215,Qiziriq tumani,Кизирикский район,Kizirik district,16.0,5.0,20.0,20.0,3.0,7.0,6.0,9.0,9.0,11.0,2.0,1.0,1.0,0.0
1722217,Sariosiyo tumani,Сариасийский  район,Sariosia district,32.0,3.0,92.0,84.0,43.0,63.0,35.0,46.0,53.0,36.0,6.0,11.0,5.0,2.0
1722220,Termiz tumani,Термезский район,Termiz district,5.0,2.0,18.0,13.0,3.0,5.0,6.0,5.0,7.0,4.0,1.0,1.0,0.0,0.0
1722221,Uzun tumani,Узунский район,Uzun district,38.0,15.0,62.0,24.0,21.0,24.0,23.0,21.0,22.0,12.0,4.0,2.0,6.0,2.0
1722223,Sherobod tumani,Шерабадский район,Sherabad district,23.0,4.0,32.0,24.0,13.0,13.0,9.0,16.0,22.0,12.0,1.0,0.0,0.0,0.0
1722226,Sho‘rchi tumani,Шурчинский район,Shurchi district,11.0,2.0,51.0,33.0,20.0,27.0,25.0,27.0,26.0,13.0,0.0,3.0,0.0,0.0
1724,Sirdaryo viloyati,Сырдарьинская область,Syrdarya region,169.0,168.0,125.0,114.0,86.0,64.0,61.0,53.0,62.0,57.0,12.0,3.0,10.0,7.0
1724401,Guliston shahri,Город Гулистан,Gulistan city,75.0,54.0,46.0,40.0,13.0,12.0,13.0,9.0,8.0,9.0,1.0,0.0,3.0,1.0
1724410,Shirin shahri,Город Ширин,Shirin city,4.0,4.0,2.0,2.0,1.0,2.0,0.0,1.0,0.0,0.0,0.0,0.0,0.0,0.0
1724413,Yangiyer shahri,Город Янгиер,Yangier city,6.0,10.0,5.0,3.0,6.0,2.0,4.0,5.0,6.0,6.0,1.0,0.0,0.0,0.0
1724206,Oqoltin tumani,Акалтынский район,Akaltyn  district,4.0,4.0,5.0,3.0,4.0,2.0,2.0,2.0,3.0,3.0,0.0,0.0,0.0,0.0
1724212,Boyovut tumani,Баяутский район,Bayaut district,11.0,15.0,7.0,9.0,9.0,9.0,6.0,2.0,4.0,5.0,2.0,0.0,0.0,0.0
1724216,Sayxunobod tumani,Сайхунабадский район,Saykhunabad district,14.0,19.0,7.0,11.0,10.0,12.0,7.0,13.0,10.0,14.0,3.0,1.0,3.0,0.0
1724220,Guliston tumani,Гулистанский район,Gulistan district,5.0,3.0,0.0,1.0,7.0,1.0,5.0,4.0,1.0,1.0,1.0,1.0,0.0,1.0
1724226,Sardoba tumani,Сардобский район,Sardoba district,3.0,6.0,3.0,3.0,3.0,3.0,1.0,5.0,1.0,1.0,0.0,0.0,0.0,1.0
1724228,Mirzaobod tumani,Мирзаабадский район,Mirzaabad district,3.0,2.0,1.0,1.0,8.0,4.0,3.0,1.0,5.0,2.0,0.0,1.0,0.0,2.0
1724231,Sirdaryo tumani,Сырдарьинский район,Syrdarya district,30.0,42.0,34.0,26.0,21.0,14.0,16.0,8.0,20.0,11.0,1.0,0.0,2.0,1.0
1724235,Xovos tumani,Хавасский район,Khovos district,14.0,9.0,15.0,15.0,4.0,3.0,4.0,3.0,4.0,5.0,3.0,0.0,2.0,1.0
1727,Toshkent viloyati,Ташкентская область,Tashkent region,598.0,639.0,546.0,407.0,358.0,280.0,220.0,175.0,242.0,142.0,14.0,9.0,9.0,3.0
1727401,Nurafshon shahri,Город Нурафшон,Nurafshan city,0.0,0.0,0.0,0.0,0.0,0.0,0.0,0.0,4.0,4.0,0.0,0.0,0.0,0.0
1727404,Olmaliq shahri,Город Алмалык,Almalyk city,27.0,24.0,13.0,10.0,3.0,11.0,8.0,6.0,7.0,4.0,0.0,0.0,0.0,0.0
1727407,Angren shahri,Город Ангрен,Angren city,47.0,44.0,58.0,33.0,39.0,17.0,17.0,9.0,15.0,7.0,1.0,3.0,0.0,0.0
1727413,Bekobod shahri,Город Бекабад,Bekabad city,37.0,38.0,19.0,21.0,15.0,11.0,9.0,5.0,8.0,4.0,0.0,0.0,3.0,1.0
1727419,Chirchiq shahri,Город Чиpчик,Chirchik city,23.0,23.0,19.0,10.0,16.0,13.0,14.0,6.0,11.0,6.0,0.0,2.0,1.0,1.0
1727415,Ohangaron shahri,Город Ахангаран,Akhangaran city,0.0,0.0,0.0,0.0,0.0,0.0,0.0,0.0,4.0,2.0,0.0,0.0,0.0,0.0
1727424,Yangiyo‘lshahri,Город Янгиюль,Yangiyul city,0.0,0.0,0.0,0.0,0.0,0.0,0.0,0.0,5.0,1.0,0.0,0.0,2.0,1.0
1727206,Oqqo‘rg‘on tumani,Аккурганский район,Akkurgan district,30.0,30.0,20.0,10.0,14.0,12.0,9.0,4.0,11.0,8.0,0.0,0.0,0.0,0.0
1727212,Ohangaron tumani,Ахангаранский район,Akhangaran district,16.0,16.0,17.0,23.0,9.0,7.0,5.0,8.0,3.0,3.0,4.0,0.0,0.0,0.0
1727220,Bekobod tumani,Бекабадский район,Bekabad district,41.0,44.0,31.0,26.0,12.0,14.0,11.0,6.0,6.0,9.0,0.0,2.0,0.0,0.0
1727224,Bo‘stonliq tumani,Бостанлыкский район,Bostanlyk district,24.0,40.0,29.0,10.0,22.0,26.0,15.0,10.0,14.0,5.0,0.0,0.0,1.0,0.0
1727228,Bo‘ka tumani,Букинский район,Buka district,27.0,29.0,27.0,26.0,24.0,18.0,15.0,18.0,25.0,9.0,1.0,1.0,0.0,0.0
1727233,Quyichirchiq tumani,Куйичирчикский район,Kuyichirchik district,35.0,26.0,19.0,22.0,13.0,14.0,10.0,12.0,12.0,5.0,0.0,0.0,0.0,0.0
1727237,Zangiota tumani,Зангиатинский район,Zangiata district,83.0,89.0,93.0,66.0,53.0,36.0,37.0,22.0,13.0,13.0,2.0,0.0,0.0,0.0
1727239,Yuqorichirchiq tumani,Юкоричирчикский район,Yukorichirchik district,27.0,39.0,46.0,24.0,19.0,12.0,12.0,13.0,8.0,10.0,0.0,0.0,0.0,0.0
1727248,Qibray tumani,Кибрайский район,Kibray district,31.0,31.0,17.0,18.0,10.0,15.0,11.0,8.0,16.0,5.0,1.0,1.0,0.0,0.0
1727249,Parkent tumani,Паркентский район,Parkent district,18.0,12.0,16.0,12.0,13.0,7.0,10.0,8.0,2.0,3.0,0.0,0.0,1.0,0.0
1727250,Piskent tumani,Пскентский район,Piskent district,9.0,9.0,7.0,3.0,2.0,5.0,2.0,2.0,4.0,2.0,0.0,0.0,0.0,0.0
1727253,O‘rtachirchiq tumani,Уртачирчикский район,Urtachirchik district,35.0,39.0,38.0,28.0,23.0,11.0,6.0,5.0,18.0,9.0,0.0,0.0,0.0,0.0
1727256,Chinoz tumani,Чиназский район,Chinaz district,24.0,30.0,25.0,29.0,29.0,16.0,8.0,14.0,13.0,9.0,3.0,0.0,0.0,0.0
1727259,Yangiyo‘l tumani,Янгиюльский район,Yangiyul district,64.0,76.0,52.0,36.0,42.0,35.0,21.0,19.0,15.0,8.0,1.0,0.0,0.0,0.0
1727265,Toshkent tumani,Ташкентский район,Tashkent district,0.0,0.0,0.0,0.0,0.0,0.0,0.0,0.0,28.0,16.0,1.0,0.0,1.0,0.0
1730,Farg‘ona  viloyati,Ферганская область,Fergana region,1450.0,1406.0,1035.0,935.0,668.0,648.0,243.0,266.0,355.0,235.0,1.0,5.0,1.0,3.0
1730401,Farg‘ona shahri,Город Фергана,Fergana city,68.0,71.0,31.0,24.0,8.0,13.0,6.0,4.0,4.0,8.0,0.0,0.0,0.0,0.0
1730405,Qo‘qon shahri,Город Коканд,Kokand city,341.0,317.0,225.0,251.0,180.0,117.0,62.0,68.0,68.0,28.0,0.0,0.0,0.0,1.0
1730408,Quvasoy shahri,Город Кувасай,Kuvasay city,22.0,16.0,9.0,7.0,2.0,1.0,2.0,0.0,5.0,1.0,0.0,1.0,0.0,0.0
1730412,Marg‘ilon shahri,Город Маpгилан,Margilan city,256.0,241.0,183.0,155.0,96.0,103.0,26.0,46.0,74.0,59.0,0.0,0.0,0.0,0.0
1730203,Oltiariq tumani,Алтыарыкский район,Altyaryk district,34.0,27.0,14.0,10.0,5.0,2.0,2.0,9.0,5.0,8.0,0.0,0.0,0.0,0.0
1730206,Qo‘shtepa tumani,Куштепинский район,Kushtepa district,38.0,51.0,27.0,16.0,10.0,20.0,5.0,10.0,6.0,8.0,0.0,1.0,0.0,0.0
1730209,Bog‘dod tumani,Багдадский район,Baghdad district,74.0,48.0,40.0,34.0,25.0,28.0,13.0,3.0,10.0,5.0,0.0,0.0,0.0,0.0
1730212,Buvayda tumani,Бувайдинский район,Buvayda district,109.0,102.0,112.0,80.0,84.0,114.0,8.0,1.0,9.0,5.0,0.0,0.0,0.0,0.0
1730215,Beshariq tumani,Бешарыкский район,Besharik district,19.0,20.0,22.0,15.0,6.0,10.0,12.0,15.0,9.0,9.0,0.0,0.0,0.0,0.0
1730218,Quva tumani,Кувинский район,Kuva district,37.0,30.0,27.0,19.0,5.0,17.0,5.0,4.0,13.0,10.0,0.0,0.0,0.0,0.0
1730221,Uchko‘prik tumani,Учкуприкский район,Uchkuprik district,46.0,68.0,32.0,22.0,25.0,28.0,14.0,15.0,27.0,16.0,0.0,0.0,0.0,0.0
1730224,Rishton tumani,Риштанский район,Rishtan district,44.0,42.0,11.0,12.0,9.0,12.0,8.0,6.0,10.0,3.0,0.0,0.0,0.0,0.0
1730226,So‘x tumani,Сохский район,Sokh district,43.0,102.0,99.0,98.0,74.0,64.0,28.0,35.0,33.0,16.0,0.0,0.0,0.0,1.0
1730227,Toshloq tumani,Ташлакский район,Tashlak district,81.0,67.0,37.0,36.0,29.0,24.0,5.0,9.0,9.0,11.0,1.0,0.0,0.0,0.0
1730230,O‘zbekiston tumani,Узбекистанский район,Uzbekistan district,60.0,55.0,46.0,33.0,26.0,10.0,5.0,2.0,16.0,14.0,0.0,0.0,1.0,0.0
1730233,Farg‘ona tumani,Ферганский район,Fergana district,54.0,42.0,30.0,27.0,24.0,24.0,6.0,4.0,11.0,8.0,0.0,0.0,0.0,0.0
1730236,Dang‘ara tumani,Дангаринский район,Dangara district,51.0,59.0,46.0,45.0,24.0,31.0,27.0,16.0,21.0,6.0,0.0,1.0,0.0,0.0
1730238,Furqat tumani,Фуркатский район,Furkat district,23.0,13.0,11.0,8.0,10.0,11.0,4.0,7.0,5.0,3.0,0.0,1.0,0.0,1.0
1730242,Yozyovon tumani,Язъяванский район,Yazyavan district,50.0,35.0,33.0,43.0,26.0,19.0,5.0,12.0,20.0,17.0,0.0,1.0,0.0,0.0
1733,Xorazm viloyati,Хорезмская область,Khorezm region,165.0,246.0,270.0,200.0,130.0,108.0,84.0,79.0,108.0,47.0,3.0,4.0,2.0,2.0
1733401,Urganch shahri,Город Ургенч,Urgench city,9.0,23.0,19.0,15.0,13.0,9.0,11.0,7.0,6.0,5.0,0.0,1.0,0.0,0.0
1733406,Xiva shahri,Город Хива,Khiva city,0.0,0.0,0.0,0.0,0.0,0.0,0.0,0.0,9.0,0.0,0.0,0.0,0.0,0.0
1733204,Bog‘ot tumani,Багатский район,Bagat district,14.0,34.0,54.0,26.0,3.0,10.0,1.0,3.0,12.0,6.0,0.0,0.0,0.0,0.0
1733208,Gurlan tumani,Гурленский район,Gurlan district,8.0,9.0,9.0,12.0,4.0,5.0,6.0,3.0,7.0,0.0,0.0,1.0,0.0,0.0
1733212,Qo‘shko‘pir tumani,Кошкупырский район,Kushkupyr district,12.0,27.0,26.0,20.0,10.0,6.0,2.0,7.0,5.0,3.0,1.0,0.0,0.0,0.0
1733217,Urganch tumani,Ургенчский район,Urgench district,21.0,22.0,27.0,15.0,12.0,2.0,3.0,8.0,8.0,3.0,0.0,0.0,1.0,1.0
1733220,Xazorasp tumani,Хазараспский район,Khazarasp district,41.0,55.0,63.0,47.0,34.0,44.0,36.0,35.0,43.0,19.0,0.0,0.0,0.0,0.0
1733221,Tuproqqal’a tumani,Тупроккалинский район,Tuprakkala district,0.0,0.0,0.0,0.0,0.0,0.0,0.0,0.0,0.0,0.0,0.0,0.0,0.0,0.0
1733223,Xonqa tumani,Ханкинский район,Khanka district,10.0,10.0,8.0,4.0,5.0,2.0,0.0,1.0,1.0,1.0,0.0,0.0,0.0,0.0
1733226,Xiva tumani,Хивинский район,Khiva district,28.0,37.0,40.0,32.0,29.0,20.0,17.0,9.0,9.0,3.0,1.0,0.0,1.0,1.0
1733230,Shovot tumani,Шаватский район,Shavat district,7.0,15.0,12.0,16.0,8.0,6.0,2.0,3.0,4.0,2.0,0.0,1.0,0.0,0.0
1733233,Yangiariq tumani,Янгиарыкский район,Yangiaryk district,10.0,10.0,6.0,8.0,8.0,3.0,4.0,3.0,4.0,2.0,1.0,1.0,0.0,0.0
1733236,Yangibozor tumani,Янгибазарский район,Yangibazar district,5.0,4.0,6.0,5.0,4.0,1.0,2.0,0.0,0.0,3.0,0.0,0.0,0.0,0.0
1726,Toshkent shahri,город Ташкент,Tashkent city,140.0,416.0,444.0,312.0,283.0,283.0,204.0,179.0,208.0,192.0,4.0,3.0,3.0,3.0
1726262,Uchtepa tumani,Учтепинский район,Uchtepa district,13.0,24.0,33.0,25.0,29.0,39.0,31.0,27.0,31.0,32.0,0.0,0.0,0.0,0.0
1726264,Bektemir tumani,Бектемирский район,Bektemir district,9.0,6.0,7.0,5.0,3.0,4.0,1.0,5.0,2.0,1.0,1.0,0.0,0.0,0.0
1726266,Yunusobod tumani,Юнусабадский район,Yunusabad district,14.0,62.0,57.0,29.0,24.0,29.0,21.0,17.0,21.0,22.0,1.0,2.0,0.0,0.0
1726269,Mirzo Ulug‘bek tumani,Мирзо Улугбекский район,Mirzo Ulugbek district,18.0,26.0,25.0,13.0,17.0,13.0,9.0,10.0,13.0,7.0,0.0,0.0,0.0,2.0
1726273,Mirobod tumani,Мирабадский район,Mirabad district,8.0,16.0,10.0,11.0,11.0,11.0,5.0,4.0,8.0,5.0,0.0,0.0,0.0,0.0
1726277,Shayxontoxur tumani,Шайхантахурский район,Shaykhantakhur district,11.0,93.0,118.0,96.0,69.0,49.0,39.0,34.0,29.0,41.0,2.0,0.0,1.0,1.0
1726280,Olmazor tumani,Алмазарский район,Almazar district,20.0,52.0,47.0,50.0,51.0,62.0,44.0,33.0,44.0,40.0,0.0,0.0,2.0,0.0
1726283,Sirg‘ali tumani,Сергелийский район,Sergeli district,10.0,30.0,23.0,5.0,24.0,27.0,17.0,16.0,27.0,12.0,0.0,0.0,0.0,0.0
1726287,Yakkasaroy tumani,Яккасарайский район,Yakkasaray district,11.0,30.0,29.0,14.0,7.0,7.0,4.0,4.0,8.0,4.0,0.0,0.0,0.0,0.0
1726290,Yashnobod tumani,Яшнободский район,Yashnabad district,8.0,18.0,24.0,16.0,19.0,14.0,17.0,13.0,10.0,10.0,0.0,0.0,0.0,0.0
1726292,Yangihayot tumani,Янгихаётский район,Yangikhayot district,0.0,0.0,0.0,0.0,0.0,0.0,0.0,0.0,0.0,0.0,0.0,0.0,0.0,0.0
1726294,Chilonzor tumani,Чиланзарский район,Chilanzar district,18.0,59.0,71.0,48.0,29.0,28.0,16.0,16.0,15.0,18.0,0.0,1.0,0.0,0.0
